"Function","CharOffset","SignatureHash","CapturedAt"
"function lineMeasure","543658","2F72221646AC6EE31112DA46B71D94F7BEED9CBD96CF66D1DDF3C74DC1622543","2026-07-13T06:43:16.4241474-05:00"
"function periodLineMeasure","551945","8DAC1E592DBBFAB145DCFA4FABD9D1852B63154CB17423F254AD5472F4AA866D","2026-07-13T06:43:16.4281626-05:00"
"function normalizeAnnualization","524713","C17901721001C726FCC4119EF188097BC6EA50240E1DFF9B3363EF20F2B38D0B","2026-07-13T06:43:16.4301697-05:00"
"function categoryFor","400878","8FB065B6B5194196DC4B0084317F724B6794BEA4A76E401F6222B5B46E866A3B","2026-07-13T06:43:16.4301697-05:00"
"function lineByLabel","574095","3CD55C2FBE736E2F83C077C58DE61C33B7CC4A0C920AC2FFDE68ADA40A17C4BB","2026-07-13T06:43:16.4321767-05:00"
"function lineBalanceCodes","643616","09C09F79EAD58D02F4FE5039219661F2164215518B17FC58A6790D83D7144EBF","2026-07-13T06:43:16.4351880-05:00"
"function lineIncomeCodes","645787","DFD2EF41FCEFFE45F9292ABA640B92E5E11D499A86DDC21B8E3BA8762323BFD8","2026-07-13T06:43:16.4369138-05:00"
"function lineDayCount","526697","289DF3A4878831EC1D803BF756EF17C284D801530C3076D91A898064D5071FE9","2026-07-13T06:43:16.4369138-05:00"
"function annualizationFactor","524432","5FC993FEE422D0CAF0DD607E9F05762822540E1A753A72F7AD6C63B93F9690B0","2026-07-13T06:43:16.4369138-05:00"
"function netIncomeControlValue","656281","A54A1560B7D622048BA3CDC332C689CE5E8E265A829DD8D0F1BDBECB3E954DE8","2026-07-13T06:43:16.4369138-05:00"
"function displayBalanceValue","537933","FB2685DA804B9F5FBF2BAA07E9BF14D855A7722946A6BDA557133A3EFC53CE10","2026-07-13T06:43:16.4369138-05:00"
"function renderBalanceCheckRow","654900","6B3C0DEB18B4D6F91397731D9C4CB422F24E3FDDCBDB61A26791A0CAD89D1271","2026-07-13T06:43:16.4369138-05:00"
"function renderIncomeCheckRow","659499","4FEEDA59237FF0265661664602E7619D2760FDE53D4F6A07AA8BF02223992C68","2026-07-13T06:43:16.4369138-05:00"
